start_station_name,member_casual,number_of_rides
532 E 43rd St,member,1
63rd & Western Ave - south corner,member,1
Ada St & 79th St,casual,1
Ada St & 95th St,casual,1
Albany Ave & 111th St - NW,casual,1
Albany Ave & 63rd St,member,1
Ashland Ave & 45th St,casual,1
Ashland Ave & 71st St,member,1
Austin Ave & Roscoe St,casual,1
Austin Ave & Wellington Ave - midblock,casual,1
Austin Ave & Wrightwood Ave,member,1
Austin Branch Chicago Public Library,casual,1
Avenue J & 112th St,member,1
Avenue M & 132nd St,member,1
Avers Ave & Archer Ave,member,1
Avondale Ave & Addison St,casual,1
California Ave & Ogden Ave,casual,1
Calumet Ave & Garfield Blvd,casual,1
Calumet Ave & Garfield Blvd,member,1
Central Ave & North Ave,member,1
Central Park Ave & Fillmore St,casual,1
Christiana Ave & Bryn Mawr Ave,casual,1
Cicero Ave & Altgeld St,casual,1
Cicero Ave & Cortland St - midblock,member,1
Cicero Ave & Le Moyne St - midblock,member,1
Claremont Ave & 71st St,member,1
Cottage Grove & 84th St,casual,1
Cottage Grove & 84th St,member,1
Cottage Grove & 86th St,member,1
Cottage Grove Ave & 75th St,member,1
Cottage Grove Ave & 91st St,casual,1
Cottage Grove Ave & 98th St,casual,1
Damen Ave & 47th St,member,1
Damen Ave & 74th St,member,1
Evans Ave & 63rd St,member,1
Ewing Ave & 106th St,member,1
Ewing Ave & 99th St,casual,1
Green St & 103rd St,casual,1
Green St & 103rd St,member,1
Halsted St & 102nd St,member,1
Halsted St & 63rd St,member,1
Hamilton Park,member,1
Hamlin Ave & Chicago Ave,casual,1
Hamlin Ave & Grand Ave,member,1
Harding Ave & 47th St,casual,1
Harper Ave & 63rd St,casual,1
Harriet E Sayre Public School,member,1
Hiawatha Park,casual,1
Honore St & 87th St - SE,casual,1
Houston Ave & 91st St,casual,1
Indiana Ave & 133rd St,member,1
Jonathan Y Scammon Public School,member,1
Justine St & 87th St,member,1
Kedzie & 103rd St - East,casual,1
Kedzie & 103rd St - West,casual,1
Kedzie Ave & 61st Pl,casual,1
Kedzie Ave & 63rd St,casual,1
Kedzie Ave & 64th St - SW,member,1
Kedzie Ave & Pershing Rd,member,1
Keef Ave & South Chicago Ave,casual,1
Keeler Ave & Madison St,casual,1
Kildare Ave & 63rd St,casual,1
Kimball Ave & Carmen Ave,casual,1
King Dr & 83rd St,casual,1
Kolin Ave & Archer Ave,member,1
Kostner Ave & North Ave,member,1
Lamon Ave & Archer Ave,casual,1
Langley Ave & 79th St,casual,1
Latrobe Ave & Lake St,member,1
Lawndale Ave & Polk St,member,1
Legler Regional Library,casual,1
Linder Ave & Belmont Ave,casual,1
Linder Ave & Belmont Ave,member,1
Longwood Dr & 95th St,member,1
Lorel Ave & Chicago Ave,member,1
Lowe Park,member,1
Lyft Driver Center Private Rack,member,1
Mackinaw Ave & 108th St,casual,1
Mackinaw Ave & 108th St,member,1
Marquette Ave & 79th St,casual,1
Martin Luther King Dr & 44th St,casual,1
Mason Ave & Roosevelt Rd,casual,1
May St & 63rd St,casual,1
McVicker Ave & Grand Ave,member,1
Menard Ave & Agusta Blvd,casual,1
Michigan Ave & 102nd St,member,1
Michigan Ave & 113th St,casual,1
Michigan Ave & 113th St,member,1
Michigan Ave & 96th St,member,1
Morgan St & 87th St,casual,1
NewHastings,casual,1
Newland Ave & Diversey Ave,casual,1
Newland Ave & Diversey Ave,member,1
Normal Ave & 72nd St,casual,1
Oglesby Ave & 105th St,casual,1
Oleander Ave & Addison St,casual,1
Parnell Ave & 103rd St,casual,1
Parnell Ave & 119th St,casual,1
Pawel Bialowas - Test- PBSC charging station,casual,1
Penn Elementary School / KIPP Ascend Middle School,casual,1
Princeton Ave & 43rd St,casual,1
Pulaski & 52nd,member,1
Pullman - Planet Fitness,casual,1
Pullman - Walmart,casual,1
Sawyer Ave & Bryn Mawr Ave - SE,member,1
Spaulding Ave & Foster Ave,casual,1
Springfield Ave & 63rd St,casual,1
State St & 47th st,member,1
Stewart Ave & 123rd St,casual,1
Stony Is Ave & 73rd St,casual,1
Stony Island Ave & 86th St,member,1
Tuley (Murray) Park,member,1
Vincennes Ave & 99th St,member,1
Wentworth Ave & 79th St,casual,1
West Chatham Park,casual,1
Western Ave & 118th St,casual,1
Western Ave & 79th St,casual,1
Western Ave & 92nd Pl,member,1
Whipple St & Irving Park Rd,member,1
Wood St & 47th St,casual,1
Yates Blvd & Exchange Ave,casual,1
Zapata Academy,casual,1
351,casual,2
532 E 43rd St,casual,2
63rd & Western Ave - south corner,casual,2
83rd St (Avalon Park) Metra,casual,2
Albany Ave & Douglas Blvd,member,2
Ashland Ave & 45th St - midblock south,member,2
Ashland Ave & 46th St,member,2
Ashland Ave & 76th St,casual,2
Austin Blvd & North Ave,member,2
Avenue L & 114th St,member,2
Bishop St & 46th St,member,2
California Ave & Devon Ave - NW,casual,2
California Ave & Ogden Ave,member,2
California Ave & Touhy Ave - NW,member,2
Central Ave & Corcoran Pl,casual,2
Chase Ave & Touhy Ave - NE,casual,2
Chase Ave & Touhy Ave - NE,member,2
Chase Ave & Touhy Ave - NW,member,2
Christiana Ave & 55th St,casual,2
Christiana Ave & 55th St,member,2
Cicero Ave & Altgeld St,member,2
Cicero Ave & Cortland St - midblock,casual,2
Cottage Grove & 86th St,casual,2
Cottage Grove Ave & 111th St,casual,2
Cottage Grove Ave & 111th St,member,2
Halsted St & 102nd St,casual,2
Hamilton Ave & 95th St,casual,2
Harold Washington Park,casual,2
Harper Ave & 63rd St,member,2
Harvey Ave & North Ave,casual,2
Homewood Ave & Monterey Ave,member,2
Karlov Ave & Milwaukee Ave,member,2
Kedvale Ave & 63rd St,casual,2
Kedzie Ave & 54th St - SW,casual,2
Kedzie Ave & Archer Ave,casual,2
Kedzie Ave & Archer Ave,member,2
Kedzie Ave & Argyle St,casual,2
Kedzie Ave & Argyle St,member,2
Kildare Ave & 47th St,member,2
Kildare Ave & Washignton Blvd,casual,2
Kimbark Ave & 63rd St,casual,2
Kimbark Ave & 63rd St,member,2
Kimbark Ave & 67th St,casual,2
Kolin Ave & Archer Ave,casual,2
Lafayette Ave & 87th St - NW,casual,2
Lafayette Ave & 95th St,member,2
Loomis St & 87th St,member,2
McCormick Blvd & Devon Ave,casual,2
McCormick Blvd & Devon Ave,member,2
McVicker Ave & Grand Ave,casual,2
Michigan Ave & 110th St,casual,2
Morgan St & 103rd St,member,2
N Narragansett Ave & Grand Ave,member,2
Newcastle Ave & Wellington Ave,casual,2
Oleander Ave & Addison St,member,2
Perry Ave & 108th Pl,member,2
Racine Ave & 109th Pl,casual,2
Racine Ave & 109th Pl,member,2
Racine Ave & 76th,casual,2
Sawyer Ave & 111th St,casual,2
Throop St & 58th St,casual,2
Throop/Hastings Mobile Station,member,2
Western Ave & 105th St,casual,2
Western Ave & 106th St - East,casual,2
63rd & Western Ave - north corner,casual,3
Altgeld Gardens,member,3
Ashland Ave & 45th St,member,3
Austin Ave & Wellington Ave - midblock,member,3
Austin Blvd & North Ave,casual,3
California Ave & Devon Ave - NE,casual,3
California Ave & Pershing Rd,casual,3
Central Ave & George St,casual,3
Central Ave & North Ave,casual,3
Chopin Park,casual,3
Christiana Ave & Archer Ave,member,3
Cicero Ave & North Ave,casual,3
Forrestville Ave & 47th St,casual,3
Hamlin Ave & Chicago Ave,member,3
Harold Washington Park,member,3
Harvey Ave & North Ave,member,3
Hastings WH 2,member,3
Homewood Ave & Monterey Ave,casual,3
Kedvale Ave & Addison St,casual,3
Kedzie Ave & 54th St - SE,member,3
Kedzie Ave & 58th St,casual,3
Kedzie Ave & 58th St,member,3
Kilbourn Ave & Fullerton Ave,casual,3
Kildare & Cermak,member,3
Kildare Ave & 55th St,member,3
Laramie Ave & Fullerton Ave,member,3
Lincoln Ave & Roscoe St - Charging,member,3
Marshfield Ave & 45th St,member,3
Menard Ave & Dakin St - midblock,casual,3
N Narragansett Ave & Grand Ave,casual,3
N Shore Channel Trail & Argyle Ave,casual,3
Newcastle Ave & Belmont Ave,casual,3
Prairie Ave & 47th St - midblock,casual,3
Rockwell & 111th St,casual,3
Sacramento Ave & Greenleaf Ave,member,3
Sawyer Ave & Bryn Mawr Ave - SE,casual,3
Sawyer Ave & Lawrence Ave,casual,3
Stony Is Ave & 73rd St,member,3
Strohacker Park,casual,3
Troy St & Jackson Blvd,member,3
Western Ave & 79th St,member,3
Yates Blvd & Exchange Ave,member,3
111th St - Morgan Park Metra,member,4
Austin Ave & Wrightwood Ave,casual,4
Avers Ave & Archer Ave,casual,4
Bell Ave & 95th St,casual,4
Brandon Ave & 91st St,member,4
Brighton Park Branch Chicago Library,member,4
California Ave & 29th St,member,4
California Ave & Devon Ave - NW,member,4
Central Ave & Corcoran Pl,member,4
Champlain Ave & 134th St,casual,4
Cottage Grove Ave & 98th St,member,4
DIVVY CASSETTE REPAIR MOBILE STATION,casual,4
Karlov Ave & Kamerling Ave,member,4
Kenneth Ave & 63rd St,casual,4
Kostner Ave & Armitage Ave,member,4
Lafayette Ave & 95th St,casual,4
Laramie Ave & Grand Ave,member,4
Mayfield & Roosevelt Rd,casual,4
Melvina Ave & Belmont Ave,casual,4
Menard Ave & Belmont Ave,casual,4
Menard Ave & Grand Ave,member,4
Milwaukee Ave & Addison St,member,4
Oglesby Ave & 95th St,member,4
Pulaski Rd & 51st Rd,casual,4
Pulaski Rd & 51st Rd,member,4
Pullman - Walmart,member,4
Rockwell Ave & Touhy Ave ,member,4
Rutherford Ave & Belmont Ave,casual,4
Sawyer Ave & Lawrence Ave,member,4
St Louis Ave & Berteau Ave,casual,4
Troy Ave & 27th St,member,4
Waller Ave & Chicago Ave,member,4
Wood St & 103rd St,member,4
Bissell St & Armitage Ave - Charging,casual,5
California Ave & 36th St,member,5
Commercial Ave & 100th St,member,5
Fairfield Ave & 44th St,member,5
Hoyne Ave & 110th Pl,member,5
Karlov Ave & Kamerling Ave,casual,5
Kedvale Ave & Avondale Ave,member,5
Kostner Ave & North Ave,casual,5
Leamington Ave & Hirsch St,member,5
Lincoln Ave & Belmont Ave (Temp),casual,5
Narragansett Ave & Fullerton Ave,casual,5
Neva Ave & Grand Ave,member,5
Prairie Ave & 47th St - midblock,member,5
Pulaski Rd & 41st,casual,5
Pulaski Rd & 44th St,casual,5
Sacramento Ave & Devon Ave,casual,5
Sacramento Ave & Devon Ave,member,5
Talman Ave & 51st St - midblock,member,5
Vernon Ave & 107th St,member,5
Albany Ave & 63rd St,casual,6
Avers Ave & Irving Park Rd,casual,6
Avers Ave & Irving Park Rd,member,6
California Ave & 29th St,casual,6
California Ave & Touhy Ave - NW,casual,6
Central Ave & George St,member,6
Cicero Ave & Wellington Ave,casual,6
Cottage Grove Ave & 87th St,member,6
Damen Ave & 47th St,casual,6
Kedvale Ave & Avondale Ave,casual,6
Kedzie Ave & 54th St - SE,casual,6
Kedzie Ave & 64th St - SW,casual,6
Keystone Ave & Irving Park Rd,member,6
Kimball Ave & Carmen Ave,member,6
Komensky Ave & 59th St,casual,6
Komensky Ave & 59th St,member,6
Laramie Ave & Grand Ave,casual,6
Latrobe Ave & Lake St,casual,6
Menard Ave & Grand Ave,casual,6
Menard Ave & North Ave,member,6
Milwaukee Ave & Waveland Ave,casual,6
MTV Hubbard St,casual,6
Neva Ave & Grand Ave,casual,6
Richmond St & 59th St,member,6
Talman Ave & 51st St - midblock,casual,6
Western Ave & Lake St,member,6
Wilton Ave & Diversey Pkwy - Charging,casual,6
California Ave & Marquette Rd,member,7
Cicero Ave & Roscoe St,member,7
Francisco Ave & Hollywood Ave,member,7
Hamlin Ave & 62nd Pl,member,7
Homan Ave & 65th St,member,7
Long Ave & North Ave,member,7
Mayfield & Roosevelt Rd,member,7
S Michigan Ave & E 118th St,member,7
Sacramento Ave & Greenleaf Ave,casual,7
Sacramento Blvd & Polk St,member,7
Spaulding Ave & Bryn Mawr Ave,casual,7
Tripp Ave & 15th St,member,7
Walden Pkwy & 103rd St,member,7
Whipple St & Roosevelt Rd,member,7
Wood St & 103rd St,casual,7
Christiana Ave & Archer Ave,casual,8
Cicero Ave & Roscoe St,casual,8
Doty Ave & 111th St,member,8
Eli Whitney Public School,casual,8
Jonathan Y Scammon Public School,casual,8
Kedzie Ave & 45th St,member,8
Kedzie Ave & 54th St - SW,member,8
Kildare Ave & 26th St,member,8
Laramie Ave & Belmont Ave,casual,8
Maplewood Ave & 59th St,member,8
N Shore Channel Trail & Argyle Ave,member,8
Pulaski Rd & Armitage Ave,member,8
Sacramento Ave & 25th St,member,8
Spaulding Ave & North Ave,casual,8
Steelworkers Park,casual,8
Troy St & Jackson Blvd,casual,8
Keystone Ave & Irving Park Rd,casual,9
Laramie Ave & Belmont Ave,member,9
Lowell Ave & Elston Ave,member,9
Newcastle Ave & Belden Ave,casual,9
Pulaski & 52nd,casual,9
Robert Fulton Elementary School,casual,9
Rockwell Ave & Touhy Ave ,casual,9
Spaulding Ave & Bryn Mawr Ave,member,9
WEST CHI-WATSON,member,9
Western Ave & 92nd Pl,casual,9
Western Blvd & 49th St,member,9
Base - 2132 W Hubbard,member,10
Elizabeth St & 92nd St,member,10
Francisco Ave & 47th St,member,10
Grand Ave & North Ave,casual,10
Indiana Ave & 133rd St,casual,10
Lawndale Ave & Diversey Ave,member,10
Midway Orange Line,member,10
Milwaukee Ave & School St,casual,10
Mozart Elementary School,member,10
Mozart St & Jackson Blvd,casual,10
Rockwell St & 63rd St,member,10
Shabbona Park,member,10
Torrence Ave & 106th St,member,10
Walden Pkwy & 103rd St,casual,10
Bradley Park,member,11
Lavergne Ave & Division St,member,11
Menard Ave & Division St,member,11
Narragansett Ave & Fullerton Ave,member,11
Newcastle Ave & Belden Ave,member,11
Pulaski Rd & 60th St,member,11
S Wentworth Ave & W 111th St,member,11
Steelworkers Park,member,11
Washtenaw Ave & Superior St,casual,11
Hamlin Ave & Grand Ave,casual,12
Hamlin Ave & Montrose Ave,casual,12
Kenton Ave & Palmer St,casual,12
Kildare Ave & Chicago Ave,member,12
Milwaukee Ave & Haussen Ct,member,12
St Louis Ave & Norman Bobbins Ave,member,12
Torrence Ave & 126th Pl,member,12
Wilton Ave & Diversey Pkwy - Charging,member,12
California Ave & Devon Ave - NE,member,13
Cicero Ave & Wrightwood Ave,casual,13
Damen Ave & 51st St,member,13
Francisco Ave & Hollywood Ave,casual,13
Kedzie Ave & 104th St,member,13
Kenneth Ave & 50th St,member,13
Keystone Ave & North Ave,member,13
La Villita Park (Albany/30th),member,13
Laramie Ave & Fullerton Ave,casual,13
MTV Hubbard St,member,13
Olive Harvey College,casual,13
Panama Ave & Grace St,member,13
Plainfield & Irving Park,member,13
Seeley Ave & Garfield Blvd,member,13
Washtenaw Ave & Superior St,member,13
Woodlawn Ave & 75th St,member,13
Augusta Blvd & Laramie Ave,member,14
Bissell St & Armitage Ave - Charging,member,14
Greenwood Ave & 91st St,member,14
Keeler Ave & Roosevelt Rd,member,14
Komensky Ave & 55th St,member,14
Kostner Ave & Lake St,member,14
Milwaukee Ave & School St,member,14
Monticello Ave & Belmont Ave,member,14
Parkside Ave & Armitage Ave,member,14
Rockwell St & 57th St,member,14
State St & 76th St,member,14
Troy Ave & 27th St,casual,14
Whipple St & Roosevelt Rd,casual,14
Bloomingdale Ave & Harlem Ave,member,15
Hamlin Ave & Montrose Ave,member,15
Michigan Ave & 114th St,member,15
Rhodes Ave & 71st St,member,15
Spaulding Ave & Evergreen Ave,member,15
State St & 123rd St,member,15
Base - 2132 W Hubbard,casual,16
California & 16th St,member,16
Christiana Ave & Belmont Ave,casual,16
Christiana Ave & Belmont Ave,member,16
Hyde Park Blvd & 55th St,casual,16
Kostner Ave & Armitage Ave,casual,16
Lawndale Ave & 30th St,member,16
Lowell Ave & Elston Ave,casual,16
Major Ave & Bloomingdale Ave,member,16
Milwaukee Ave & Addison St,casual,16
Oketo Ave & Addison St,member,16
Racine Ave & 65th St,member,16
Rockwell St & 63rd St,casual,16
Sacramento Blvd & Fulton Ave,casual,16
Spaulding Ave & North Ave,member,16
St Louis Ave & 59th St,member,16
Washtenaw Ave & Madison St,member,16
Western Ave & Jarvis Ave,casual,16
Albany Ave & 16th St,casual,17
Burnham Greenway & 112th St,member,17
Carpenter St & 63rd St,member,17
Lawndale Ave & Diversey Ave,casual,17
Loomis St & 89th St,member,17
Sacramento Ave & 25th St,casual,17
South Chicago Ave & Elliot Ave,member,17
Spaulding Ave & Evergreen Ave,casual,17
Avenue O & 118th St,member,18
Calumet Ave & 71st St,member,18
Campbell Ave & 51st St,member,18
Halsted St & 69th St,member,18
Hyde Park Blvd & 53rd St,casual,18
Lavergne Ave & 46th St,member,18
Mozart St & Jackson Blvd,member,18
Tripp Ave & 31st St,member,18
Eberhart Ave & 131st St,member,19
Elizabeth St & 47th St,member,19
Halsted St & 59th St,member,19
Keystone Ave & North Ave,casual,19
Pulaski Rd & 44th St,member,19
Washtenaw Ave & Peterson Ave,member,19
Western Blvd & 49th St,casual,19
Commercial Ave & 130th St,member,20
Damen Ave & 74th St,casual,20
Hegewisch Metra Station,member,20
Michigan Ave & 71st St,member,20
N Clark St & W Elm St,casual,20
Albany Ave & 16th St,member,21
Eggleston Ave & 69th St,member,21
Kildare & Cermak,casual,21
Menard Ave & North Ave,casual,21
Monticello Ave & Belmont Ave,casual,21
Sacramento Blvd & Polk St,casual,21
Western Ave & Jarvis Ave,member,21
Ashland Ave & Garfield Blvd,member,22
Elizabeth St & 59th St,member,22
Harding Ave & 26th St,member,22
Midway Orange Line,casual,22
Throop St & 52nd St,member,22
Homewood Ave & 115th St,member,23
Lawndale Ave & 111th St,member,23
Pulaski Rd & Armitage Ave,casual,23
Washtenaw Ave & Madison St,casual,23
Bennett Ave & 79th St,member,24
Pulaski & Ann Lurie Pl,member,24
Pulaski Rd & Fullerton Ave,member,24
Wabash Ave & 83rd St,member,24
Western Ave & Lake St,casual,24
Albany Ave & Douglas Blvd,casual,25
Avenue O & 134th St,member,25
Central Park Ave & Douglas Blvd,member,25
Cicero Ave & Quincy St,member,25
Constance Ave & 95th St,member,25
Dauphin Ave & 103rd St,member,25
Halsted St & 56th St,member,25
Hamlin Ave & Fullerton Ave,member,25
Hoyne Ave & 34th St,member,25
Milwaukee Ave & Haussen Ct,casual,25
Ping Tom Park (East),casual,25
Spaulding Ave & 63rd St,member,25
Tripp Ave & 65th St,member,25
Wentworth Ave & 104th St,member,25
Campbell Ave & Irving Park Rd,casual,26
Homan Ave & Fillmore St,member,26
South Chicago Ave & 83rd St,member,26
Springfield Ave & 47th St,member,26
Woodlawn & 103rd - Olive Harvey Vaccination Site,member,26
Campbell Ave & Irving Park Rd,member,27
Kedzie Ave & 110th St,member,27
Kostner Ave & 63rd St,member,27
Marquette Ave & 89th St,member,27
S Michigan Ave & E 118th St,casual,27
Western Ave & 62nd St,casual,27
Harlem Ave & Grace St,member,28
Hyde Park Blvd & 53rd St,member,28
Kildare Ave & 26th St,casual,28
Kilpatrick Ave & Grand Ave,member,28
Lamon Ave & Armitage Ave,member,28
Roscoe & Harlem,member,28
Artesian Ave & 55th St,member,29
California & 16th St,casual,29
Clyde Ave & 87th St,member,29
Damen Ave & 59th St,member,29
Ellis Ave & 83rd St,member,29
Homan Ave & 65th St,casual,29
Kildare Ave & Division St,member,29
Maryland Ave & 104th St,member,29
Olive Harvey College,member,29
Perry Ave & 69th St,member,29
Sayre & Diversey,member,29
W 103rd St & S Avers Ave,member,29
Halsted St & 78th St,member,30
Mason Ave & Belmont Ave,member,30
North Ave & New England Ave,member,30
Richmond St & Lincoln Ave,casual,30
Vernon Ave & 75th St,member,30
Carpenter St & 63rd St,casual,31
Hamlin Ave & Fullerton Ave,casual,31
Kedzie Ave & 57th St,member,31
N Clark St & W Elm St,member,31
Richmond St & Lincoln Ave,member,31
Stewart Ave & 83rd St,member,31
Cicero Ave & Grace St,member,32
Laramie Ave & Gladys Ave,member,32
Oglesby Ave & 100th St,member,32
Ashland Ave & 66th St,member,33
Fairfield Ave & 44th St,casual,33
Hoyne Ave & 34th St,casual,33
Karlov Ave & Madison St,member,33
Racine Ave & 61st St,member,33
Vincennes Ave & 75th St,member,33
Damen Ave & 33rd St,member,34
Kildare Ave & 47th St,casual,34
Lamon Ave & Chicago Ave,member,34
Phillips Ave & 83rd St,member,34
S Aberdeen St & W 106th St,casual,34
Virginia Ave & Catalpa Ave,casual,34
Western Ave & 62nd St,member,34
Central Park Ave & Ohio St,member,35
Indiana Ave & 103rd St,member,35
Panama Ave & Grace St,casual,35
Pulaski Rd & Fullerton Ave,casual,35
S Wentworth Ave & W 111th St,casual,35
Cicero Ave & Wrightwood Ave,member,36
Hyde Park Blvd & 55th St,member,36
Kenton Ave & Madison St,member,36
Monticello Ave & Chicago Ave,member,36
Halsted St & 73rd St,member,37
Major Taylor Trail & 124th St,member,37
Burnham Greenway & 105th St,member,38
California Ave & 36th St,casual,38
Racine Ave & 61st St,casual,38
Stony Island Ave & South Chicago Ave,member,38
Western Ave & Ardmore Ave,member,38
Dauphin Ave & 87th St,member,39
Fullerton & Monitor,casual,39
Kenneth Ave & 50th St,casual,39
Summit Ave & 86th St,member,39
Elizabeth St & 59th St,casual,40
Jeffery Blvd & 76th St,member,40
Lawndale Ave & 16th St,member,40
N Damen Ave & W Chicago Ave,casual,40
Greenwood Ave & 79th St,member,41
La Villita Park (Albany/30th),casual,41
Latrobe Ave & Chicago Ave,member,41
Mozart Elementary School,casual,41
Woodlawn & 103rd - Olive Harvey Vaccination Site,casual,41
Ashland Ave & 74th St,member,42
Doty Ave & 111th St,casual,42
Kildare Ave & Chicago Ave,casual,42
MLK Jr Dr & 83rd St,member,43
Whipple/Irving Park,member,43
Damen Ave & 33rd St,casual,44
Halsted St & 59th St,casual,44
Kedzie Ave & 45th St,casual,44
Kedzie Ave & Roosevelt Rd,member,44
Kildare Ave & 55th St,casual,44
Marshfield Ave & 59th St,member,44
Racine Ave & Garfield Blvd,member,44
Central Ave & Parker Ave,member,45
Cicero Ave & Lake St,member,45
Loomis Blvd & 84th St,member,45
North Ave & New England Ave,casual,45
Spaulding Ave & 16th St,member,45
Wabash Ave & 83rd St,casual,45
Western Ave & 111th St,member,45
Augusta Blvd & Laramie Ave,casual,46
Central Park & Augusta Blvd,casual,46
Cicero Ave & Flournoy St,member,46
Cottage Grove Ave & 71st St,member,46
Francisco Ave & Bloomingdale Ave,casual,46
Pulaski & Ann Lurie Pl,casual,46
S Aberdeen St & W 106th St,member,46
South Chicago Ave & Elliot Ave,casual,46
State St & 76th St,casual,46
Tripp Ave & 15th St,casual,46
Milwaukee Ave & Diversey Ave,casual,47
Narragansett & McLean,member,47
Pulaski Rd & 60th St,casual,47
Sacramento Ave & Pershing Rd,member,47
Kedzie Ave & 52nd St,member,48
Kenton Ave & Palmer St,member,48
Lawler Ave & 50th St,member,48
Nordica & Medill,member,48
Archer Ave & 43rd St,member,49
Ashland Ave & 50th St,member,49
Ashland Ave & 78th St,member,49
Sacramento Blvd & Fulton Ave,member,49
Shabbona Park,casual,49
Bloomingdale Ave & Harlem Ave,casual,50
Houston Ave & 92nd St,member,50
Seeley Ave & Garfield Blvd,casual,50
Washtenaw Ave & Polk St,casual,50
Whipple/Irving Park,casual,50
Commercial Ave & 83rd St,member,51
Cottage Grove Ave & 78th St,member,51
Harding Ave & 26th St,casual,51
Yates Blvd & 75th St,member,51
Marshfield Ave & 59th St,casual,52
Milwaukee Ave & Diversey Ave,member,52
Washtenaw Ave & Polk St,member,52
Monticello Ave & Chicago Ave,casual,53
Ping Tom Park (East),member,53
Richmond St & 59th St,casual,53
Washtenaw Ave & Peterson Ave,casual,53
Western Ave & Ardmore Ave,casual,53
Archer Ave & 43rd St,casual,54
California Ave & Marquette Rd,casual,54
Central Ave & Harrison St,member,54
Eggleston Ave & 92nd St,member,54
Maplewood Ave & 59th St,casual,54
Shields Ave & 43rd St,member,55
Stewart Ave & 63rd St,member,55
Parkside Ave & Armitage Ave,casual,56
Spaulding Ave & 63rd St,casual,56
Woodlawn Ave & 75th St,casual,56
Campbell Ave & 51st St,casual,57
Leamington Ave & Hirsch St,casual,57
Meade Ave & Diversey Ave,member,57
Springfield Ave & 47th St,casual,57
Yates Blvd & 93rd St,member,57
Ada St & 113th St,casual,58
Big Marsh Park,member,58
Halsted St & 104th St,member,58
Komensky Ave & 31st St,member,58
Racine Ave & 65th St,casual,58
Baltimore Ave & 87th St,member,59
Central Park & Augusta Blvd,member,61
Cicero Ave & Wellington Ave,member,61
Eberhart Ave & 91st St,member,61
Hegewisch Metra Station,casual,61
Rockwell St & 57th St,casual,61
California Ave & Winona St,casual,62
Cicero Ave & Flournoy St,casual,62
Hamlin Ave & 62nd Pl,casual,62
Vernon Ave & 79th St,member,62
Fullerton & Monitor,member,63
Halsted St & 69th St,casual,63
Lincoln Ave & Peterson Ave,member,63
Major Ave & Bloomingdale Ave,casual,63
Ada St & 113th St,member,64
Elizabeth St & 47th St,casual,64
Greenwood Ave & 97th St,member,64
Lamon Ave & Chicago Ave,casual,64
Lavergne Ave & 46th St,casual,64
Pulaski Rd & Congress Pkwy,member,64
Calumet Ave & 71st St,casual,65
Harlem Ave & Grace St,casual,65
Kedzie Ave & 104th St,casual,65
Western Ave & 104th St,member,65
Komensky Ave & 55th St,casual,66
Laramie Ave & Gladys Ave,casual,66
Lawler Ave & 50th St,casual,66
Pulaski Rd & 21st St,member,67
Menard Ave & Division St,casual,68
East End Ave & 87th St,member,69
Long Ave & North Ave,casual,69
MLK Jr Dr & 83rd St,casual,69
Narragansett & McLean,casual,69
St Louis Ave & Norman Bobbins Ave,casual,69
Vincennes Ave & 104th St,member,69
Artesian Ave & 55th St,casual,70
Meade Ave & Addison St,member,70
Walden Pkwy & 100th St,member,70
Ashland Ave & 66th St,casual,71
Roscoe & Harlem,casual,71
Francisco Ave & Montrose Ave,casual,72
Michigan Ave & 114th St,casual,72
Halsted St & 51st St,member,73
Kostner Ave & Adams St,casual,73
Lavergne Ave & Division St,casual,73
Lincoln Ave & Peterson Ave,casual,73
Throop St & 52nd St,casual,73
Commercial Ave & 100th St,casual,74
Francisco Ave & 47th St,casual,74
N Damen Ave & W Chicago Ave,member,74
Stony Island Ave & 82nd St,member,74
Central Park Ave & 24th St,member,75
Elston Ave & Henderson St,member,75
Kedzie Ave & Harrison St,member,75
Kildare Ave & Division St,casual,75
Virginia Ave & Catalpa Ave,member,75
Sacramento Ave & Pershing Rd,casual,76
Calumet Park,member,77
Greenwood Ave & 91st St,casual,77
Torrence Ave & 126th Pl,casual,77
Avenue L & 114th St,casual,78
Evans Ave & 75th St,member,78
Tripp Ave & 65th St,casual,79
Avenue O & 134th St,casual,80
Halsted & 63rd - Kennedy-King Vaccination Site,member,80
Kedzie Ave & 24th St,member,80
Maryland Ave & 104th St,casual,80
Narragansett Ave & School St,member,80
Phillips Ave & 79th St,member,80
Wentworth Ave & 104th St,casual,80
Central Park Ave & Ohio St,casual,81
Halsted St & 56th St,casual,81
Kenton Ave & Madison St,casual,81
Lawndale Ave & 16th St,casual,81
Plainfield & Irving Park,casual,81
Stony Island Ave & 67th St,member,81
Cicero Ave & Quincy St,casual,82
Kostner Ave & 63rd St,casual,82
Orange & Addison,member,82
Sayre & Diversey,casual,82
Bradley Park,casual,83
Elston Ave & Henderson St,casual,83
Rainbow Beach,member,83
Halsted St & 111th St,member,84
Laramie Ave & Kinzie St,member,84
Stony Island Ave & 90th St,member,84
Kostner Ave & Adams St,member,85
Rhodes Ave & 71st St,casual,85
Ashland Ave & 63rd St,member,86
Phillips Ave & 83rd St,casual,86
Stony Island Ave & 71st St,member,86
Western & 28th - Velasquez Institute Vaccination Site,casual,86
Albany Ave & Belmont Ave,casual,87
Cottage Grove Ave & 111th Pl,member,87
Oak Park & Wellington,member,87
Rockwell St & Cermak Rd,casual,87
Kenosha & Wellington,member,88
Prospect Sq & 91st St,member,88
WEST CHI-WATSON,casual,88
Damen Ave & 51st St,casual,89
Summit Ave & 86th St,casual,89
Eberhart Ave & 131st St,casual,90
Bennett Ave & 79th St,casual,91
Halsted St & 96th St,member,91
Wabash Ave & 87th St,member,91
Keeler Ave & Roosevelt Rd,casual,92
Millard Ave & 26th St,member,92
N Shore Channel Trail & Argyle St,casual,92
Torrence Ave & 106th St,casual,93
Cicero Ave & Grace St,casual,94
Morgan St & Pershing Rd,member,94
South Chicago Ave & 83rd St,casual,94
Central Park Blvd & 5th Ave,member,95
Major Taylor Trail & 124th St,casual,95
N Shore Channel Trail & Argyle St,member,95
Ashland Ave & Garfield Blvd,casual,96
Evans Ave & 75th St,casual,97
Halsted St & 51st St,casual,97
Hoyne Ave & 47th St,member,97
Kilpatrick Ave & Grand Ave,casual,97
Oglesby Ave & 100th St,casual,97
Shields Ave & 43rd St,casual,97
Laramie Ave & Madison St,member,98
Oketo Ave & Addison St,casual,98
Spaulding Ave & 16th St,casual,98
Dauphin Ave & 103rd St,casual,99
Nordica & Medill,casual,100
Rockwell St & Archer Ave,member,100
Central Ave & Madison St,casual,101
Central Ave & Roscoe St,member,101
Western Ave & Grace St,casual,101
Western Ave & Grace St,member,101
Halsted St & 73rd St,casual,102
Yates Blvd & 93rd St,casual,102
East End Ave & 87th St,casual,103
Lawndale Ave & 30th St,casual,104
Constance Ave & 95th St,casual,106
Kedzie Ave & 110th St,casual,106
Western & 28th - Velasquez Institute Vaccination Site,member,106
Western Ave & Gunnison St,casual,106
Karlov Ave & Madison St,casual,107
Western Blvd & 48th Pl,member,107
Cottage Grove Ave & 67th St,member,108
Houston Ave & 92nd St,casual,108
Indiana Ave & 103rd St,casual,108
Kedzie Ave & 52nd St,casual,108
Kostner Ave & Lake St,casual,108
Vernon Ave & 107th St,casual,108
Commercial Ave & 83rd St,casual,109
St Louis Ave & 59th St,casual,109
State St & 54th St,member,109
Harlem & Irving Park,member,110
Michigan Ave & 71st St,casual,110
Sacramento Blvd & Addison St,member,110
Vincennes Ave & 104th St,casual,110
Clyde Ave & 87th St,casual,111
Cottage Grove Ave & 83rd St,member,112
Lincoln Ave & Balmoral Ave,casual,112
Sacramento Blvd & Addison St,casual,112
Kenosha & Wellington,casual,113
Komensky Ave & 31st St,casual,113
May St & 69th St,member,113
Ashland Ave & 50th St,casual,114
Hale Ave & 107th St,member,114
Kedzie Ave & George St,casual,114
Major Taylor Trail & 115th St,member,114
Avenue O & 118th St,casual,115
Kedzie Ave & 57th St,casual,115
Eggleston Ave & 69th St,casual,116
Morgan St & Pershing Rd,casual,116
Rockwell St & Archer Ave,casual,116
Altgeld Gardens,casual,117
Central Park Ave & Douglas Blvd,casual,117
Vincennes Ave & 75th St,casual,117
Francisco Ave & Bloomingdale Ave,member,118
Narragansett & Irving Park,member,118
Greenwood Ave & 79th St,casual,119
Pulaski Rd & 51st St,member,119
Homan Ave & Fillmore St,casual,121
Kedzie Ave & 21st St,member,121
Racine Ave & Garfield Blvd,casual,121
Albany Ave & 26th St,member,122
Latrobe Ave & Chicago Ave,casual,122
Central Ave & Lake St,member,124
State St & Pershing Rd,casual,124
Exchange Ave & 79th St,member,125
Jeffery Blvd & 71st St,member,125
W Washington Blvd & N Peoria St,casual,125
Halsted St & 78th St,casual,126
Burnham Greenway & 112th St,casual,127
Eberhart Ave & 61st St,member,127
Tripp Ave & 31st St,casual,127
Commercial Ave & 130th St,casual,128
Marshfield Ave & 44th St,casual,128
N Paulina St & Lincoln Ave,casual,128
State St & 79th St,member,128
Damen Ave & 59th St,casual,129
Kedzie Ave & 24th St,casual,129
Laramie Ave & Madison St,casual,129
Meade Ave & Diversey Ave,casual,129
Stony Island Ave & South Chicago Ave,casual,129
Baltimore Ave & 87th St,casual,132
Halsted St & 96th St,casual,132
Orange & Addison,casual,135
Kostner Ave & Wrightwood Ave,member,136
Marquette Ave & 89th St,casual,136
Central Ave & Roscoe St,casual,137
Central Park Ave & 24th St,casual,137
Western Ave & Gunnison St,member,137
Albany Ave & Belmont Ave,member,138
Narragansett Ave & School St,casual,138
Troy St & Grace St,casual,138
Halsted St & 104th St,casual,139
Sacramento Blvd & Franklin Blvd,casual,139
Ashland Ave & 74th St,casual,140
Lavergne & Fullerton,member,140
Narragansett & Irving Park,casual,140
Ashland Ave & 78th St,casual,141
Elston Ave & George St,casual,141
Stewart Ave & 63rd St,casual,142
Cottage Grove Ave & 78th St,casual,143
Eberhart Ave & 91st St,casual,144
Kilbourn Ave & Milwaukee Ave,member,144
Long Ave & Belden Ave,member,144
Princeton Ave & Garfield Blvd,member,144
Rockwell St & Cermak Rd,member,144
Exchange Ave & 79th St,casual,145
Kilpatrick Ave & Parker Ave,member,145
Halsted St & 111th St,casual,146
Cornell Dr & Hayes Dr,member,147
Cottage Grove Ave & 111th Pl,casual,147
Ewing Ave & Burnham Greenway,member,147
Long Ave & Belmont Ave,member,147
Meade Ave & Addison St,casual,147
Pulaski Rd & 21st St,casual,147
Ewing Ave & Burnham Greenway,casual,149
N Paulina St & Lincoln Ave,member,149
California Ave & 26th St,casual,152
Central Ave & Parker Ave,casual,152
Mason Ave & Belmont Ave,casual,152
Pulaski Rd & Lake St,member,152
Jeffery Blvd & 76th St,casual,153
Vernon Ave & 75th St,casual,153
Francisco Ave & Montrose Ave,member,154
Kedzie Ave & 48th Pl,member,154
California Ave & Winona St,member,156
May St & 69th St,casual,157
Oak Park & Wellington,casual,157
State St & 95th St,member,157
Stony Island Ave & 82nd St,casual,157
Ashland Ave & 63rd St,casual,159
Austin Blvd & Madison St,member,160
Narragansett & Wrightwood,member,160
Ellis Ave & 83rd St,casual,161
Central Park Blvd & 5th Ave,casual,162
Elizabeth St & 92nd St,casual,162
Stony Island Ave & 75th St,member,162
Central Ave & Chicago Ave,casual,164
Laramie Ave & Kinzie St,casual,164
Loomis Blvd & 84th St,casual,164
Vernon Ave & 79th St,casual,164
Wentworth Ave & 63rd St,member,164
Central Ave & Harrison St,casual,165
Long Ave & Belden Ave,casual,165
Kedzie Ave & Harrison St,casual,167
Austin Blvd & Chicago Ave,member,168
Pulaski Rd & Congress Pkwy,casual,168
State St & 54th St,casual,168
Troy St & Grace St,member,168
Ashland Ave & Pershing Rd,casual,169
Central Ave & Madison St,member,170
Homewood Ave & 115th St,casual,170
Long Ave & Belmont Ave,casual,170
W 103rd St & S Avers Ave,casual,170
Cottage Grove Ave & 71st St,casual,171
Kilbourn & Belden,casual,171
Ashland Ave & McDowell Ave,casual,172
Kilbourn & Belden,member,172
Albany Ave & 26th St,casual,174
Big Marsh Park,casual,176
Cottage Grove Ave & 83rd St,casual,176
Major Taylor Trail & 115th St,casual,178
Austin Blvd & Chicago Ave,casual,179
Lavergne & Fullerton,casual,179
Perry Ave & 69th St,casual,179
Pulaski Rd & 51st St,casual,179
Halsted & 63rd - Kennedy-King Vaccination Site,casual,180
Kilbourn & Roscoe,casual,180
Yates Blvd & 75th St,casual,181
Lockwood Ave & Wrightwood Ave,member,182
Princeton Ave & 47th St,member,182
Pulaski Rd & Lake St,casual,182
Stony Island Ave & 64th St,member,182
Elston Ave & George St,member,183
Burnham Greenway & 105th St,casual,184
Lockwood Ave & Wrightwood Ave,casual,184
Stony Island Ave & 90th St,casual,185
Kilbourn & Roscoe,member,186
Stewart Ave & 83rd St,casual,187
W Washington Blvd & N Peoria St,member,187
Mulligan Ave & Wellington Ave,casual,188
Pulaski Rd & Eddy St (Temp),member,191
Lamon Ave & Belmont Ave,casual,196
Loomis St & 89th St,casual,200
Lawndale Ave & 111th St,casual,201
MLK Jr Dr & 56th St,member,201
Ashland Ave & McDowell Ave,member,202
Greenwood Ave & 97th St,casual,202
Jeffery Blvd & 67th St,member,202
Ashland Ave & Pershing Rd,member,210
Kilbourn Ave & Milwaukee Ave,casual,212
MLK Jr Dr & 63rd St,member,212
Eggleston Ave & 92nd St,casual,214
Kilpatrick Ave & Parker Ave,casual,215
Austin Blvd & Madison St,casual,216
Harlem & Irving Park,casual,216
Union Ave & Root St,casual,217
Rockwell St & Fletcher St,casual,218
Hoyne Ave & 47th St,casual,222
Rainbow Beach,casual,222
South Shore Dr & 74th St,member,222
Austin Blvd & Lake St,member,225
Dauphin Ave & 87th St,casual,225
Lincoln Ave & Balmoral Ave,member,225
Western Ave & 104th St,casual,229
Wolcott Ave & Fargo Ave,member,229
Hale Ave & 107th St,casual,230
Rockwell St & Fletcher St,member,230
Damen Ave & Pershing Rd,member,232
MLK Jr Dr & 47th St,member,232
State St & Pershing Rd,member,232
Chicago State University,casual,233
State St & 123rd St,casual,233
Sacramento Blvd & Franklin Blvd,member,234
Cottage Grove Ave & 67th St,casual,235
Lincolnwood Dr & Central St,casual,236
Long & Irving Park,member,237
Phillips Ave & 79th St,casual,237
Dodge Ave & Main St,casual,240
Dodge Ave & Main St,member,240
Stony Island Ave & 75th St,casual,241
Cicero Ave & Lake St,casual,244
Archer (Damen) Ave & 37th St,member,247
Dorchester Ave & 63rd St,member,248
Kilbourn Ave & Irving Park Rd,member,248
Damen Ave & Pershing Rd,casual,252
Mulligan Ave & Wellington Ave,member,252
Prospect Sq & 91st St,casual,252
Kilbourn Ave & Irving Park Rd,casual,254
California Ave & 23rd Pl,casual,255
Kostner Ave & Wrightwood Ave,casual,257
Lamon Ave & Armitage Ave,casual,257
Central Ave & Lake St,casual,261
Lamon Ave & Belmont Ave,member,265
Union Ave & Root St,member,265
Jeffery Blvd & 71st St,casual,266
Kedzie Ave & 21st St,casual,266
California Ave & 26th St,member,268
Kedzie Ave & George St,member,270
Prairie Ave & 43rd St,member,271
Princeton Ave & Garfield Blvd,casual,272
N Carpenter St & W Lake St,casual,273
Dodge Ave & Mulford St,member,274
Kedzie Ave & 48th Pl,casual,274
Millard Ave & 26th St,casual,275
Maplewood Ave & Peterson Ave,member,282
Base - 2132 W Hubbard Warehouse,casual,283
MLK Jr Dr & 63rd St,casual,283
Archer (Damen) Ave & 37th St,casual,284
MLK Jr Dr & 56th St,casual,285
Dodge Ave & Mulford St,casual,286
Western Ave & 111th St,casual,287
Wolcott Ave & Fargo Ave,casual,291
Walden Pkwy & 100th St,casual,299
Western Blvd & 48th Pl,casual,299
Indiana Ave & 40th St,casual,300
Kedzie Ave & Roosevelt Rd,casual,301
Oakley Ave & Touhy Ave,member,303
N Southport Ave & W Newport Ave,member,306
Wabash Ave & 87th St,casual,306
Stony Island Ave & 67th St,casual,307
Halsted St & 47th Pl,casual,311
Indiana Ave & 40th St,member,311
Knox Ave & Montrose Ave,member,317
South Shore Dr & 74th St,casual,319
Halsted St & 37th St,casual,321
N Southport Ave & W Newport Ave,casual,322
State St & 79th St,casual,323
Wentworth Ave & 63rd St,casual,323
Cornell Dr & Hayes Dr,casual,328
Kildare Ave & Montrose Ave,casual,331
Kedzie Ave & Lake St,member,332
Central Park Ave & Ogden Ave,member,335
Kedzie Ave & Chicago Ave,member,335
Oakley Ave & Touhy Ave,casual,335
Princeton Ave & 47th St,casual,337
Damen Ave & Coulter St,casual,339
Stony Island Ave & 71st St,casual,342
Calumet Park,casual,343
Damen Ave & Coulter St,member,346
Clark St & Jarvis Ave,casual,348
Keystone Ave & Fullerton Ave,member,348
Stony Island Ave & 64th St,casual,349
Fairfield Ave & Roosevelt Rd,casual,350
Conservatory Dr & Lake St,member,354
Western Ave & 24th St,casual,354
Narragansett & Wrightwood,casual,357
Ridge Blvd & Howard St,casual,357
Ridge Blvd & Touhy Ave,member,358
Bosworth Ave & Howard St,casual,359
Long & Irving Park,casual,362
Marshfield Ave & 44th St,member,363
Fairfield Ave & Roosevelt Rd,member,369
Knox Ave & Montrose Ave,casual,375
Normal Ave & Archer Ave,casual,376
Halsted St & 37th St,member,378
Milwaukee Ave & Cuyler Ave,casual,381
Dodge Ave & Church St,casual,383
Pulaski Rd & Eddy St (Temp),casual,384
State St & 29th St,casual,391
Keystone Ave & Montrose Ave,member,396
Kildare Ave & Montrose Ave,member,400
Central Ave & Chicago Ave,member,405
Calumet Ave & 51st St,member,407
Kedzie Ave & Chicago Ave,casual,413
Maplewood Ave & Peterson Ave,casual,414
Central Park Ave & North Ave,member,419
Clark St & Touhy Ave,casual,419
Wood St & 35th St,casual,420
Lincolnwood Dr & Central St,member,426
Elmwood Ave & Austin St,casual,437
Wood St & 35th St,member,437
Milwaukee Ave & Fullerton Ave,casual,439
Halsted St & 47th Pl,member,441
Milwaukee Ave & Fullerton Ave,member,447
Lincoln Ave & Roscoe St*,casual,449
Jeffery Blvd & 67th St,casual,451
South Shore Dr & 67th St,member,452
St. Louis Ave & Balmoral Ave,casual,452
Ridge Blvd & Touhy Ave,casual,454
Cottage Grove Ave & 63rd St,member,455
Western Ave & Howard St,casual,459
Leavitt St & Archer Ave,casual,461
Cottage Grove Ave & 43rd St,casual,463
2112 W Peterson Ave,casual,466
Central Park Ave & Ogden Ave,casual,466
Warren Park West,member,474
Cottage Grove Ave & 43rd St,member,475
Hermitage Ave & Polk St,casual,475
DuSable Museum,casual,477
Base - 2132 W Hubbard Warehouse,member,479
Eberhart Ave & 61st St,casual,487
N Sheffield Ave & W Wellington Ave,member,488
Leavitt St & Archer Ave,member,490
Warren Park East,casual,500
California Ave & Lake St,member,501
Kedzie Ave & Bryn Mawr Ave,casual,503
Sawyer Ave & Irving Park Rd,member,503
Cottage Grove Ave & 51st St,member,512
Western Ave & Howard St,member,514
Valli Produce - Evanston Plaza,casual,520
Kedzie Ave & Lake St,casual,525
Drake Ave & Addison St,casual,528
Drake Ave & Montrose Ave,casual,528
Hampden Ct & Diversey Ave,casual,529
Budlong Woods Library,casual,544
Western Ave & Lunt Ave,casual,544
MLK Jr Dr & Pershing Rd,member,545
Loomis St & Archer Ave,casual,546
63rd St Beach,member,547
Chicago State University,member,548
Austin Blvd & Lake St,casual,550
DuSable Museum,member,553
Racine Ave & 35th St,casual,558
Ashland Ave & Archer Ave,member,560
Keystone Ave & Montrose Ave,casual,560
Dodge Ave & Church St,member,561
State St & 95th St,casual,563
Milwaukee Ave & Cuyler Ave,member,568
2112 W Peterson Ave,member,569
Ridge Blvd & Howard St,member,571
California Ave & Lake St,casual,576
Kedzie Ave & Bryn Mawr Ave,member,577
St. Louis Ave & Balmoral Ave,member,580
N Carpenter St & W Lake St,member,581
N Sheffield Ave & W Wellington Ave,casual,583
Racine Ave & 13th St,member,583
Cottage Grove Ave & 63rd St,casual,585
Central St & Girard Ave,member,586
Washtenaw Ave & Ogden Ave,casual,586
Dorchester Ave & 63rd St,casual,587
Ashland Ave & Archer Ave,casual,593
Central St & Girard Ave,casual,594
Shields Ave & 28th Pl,casual,598
Cottage Grove Ave & 47th St,member,606
Bissell St & Armitage Ave*,casual,607
Valli Produce - Evanston Plaza,member,607
Dorchester Ave & 49th St,casual,608
MLK Jr Dr & 47th St,casual,610
Kedzie Ave & Foster Ave,casual,613
Cottage Grove Ave & Oakwood Blvd,member,614
California Ave & 23rd Pl,member,616
Lincoln Ave & Roscoe St*,member,616
Washtenaw Ave & Ogden Ave,member,616
Kedzie Ave & Foster Ave,member,633
Conservatory Dr & Lake St,casual,634
Manor Ave & Leland Ave,casual,634
Budlong Woods Library,member,636
Clinton St & Polk St,casual,637
California Ave & 21st St,casual,639
State St & 29th St,member,640
Prairie Ave & 43rd St,casual,641
Bernard St & Elston Ave,casual,643
Racine Ave & 13th St,casual,648
Emerald Ave & 28th St,casual,649
Shields Ave & 31st St,casual,651
Central St Metra,casual,652
Racine Ave & 35th St,member,653
W Armitage Ave & N Sheffield Ave,casual,653
Drake Ave & Addison St,member,663
Clinton St & Polk St,member,665
Bosworth Ave & Howard St,member,666
Western Ave & 24th St,member,669
Ashland Ave & 13th St,casual,671
Keystone Ave & Fullerton Ave,casual,679
Cottage Grove Ave & 51st St,casual,694
Sawyer Ave & Irving Park Rd,casual,700
Cottage Grove Ave & 47th St,casual,701
Warren Park East,member,712
Monticello Ave & Irving Park Rd,member,715
Western Ave & Granville Ave,member,716
Warren Park West,casual,719
Western Ave & Granville Ave,casual,723
Kedzie Ave & Leland Ave,casual,733
Kedzie Ave & Leland Ave,member,740
Ogden Ave & Roosevelt Rd,casual,741
Wallace St & 35th St,casual,746
Cherry Ave & Blackhawk St,casual,748
Morgan St & Lake St*,casual,748
California Ave & 21st St,member,751
Calumet Ave & 35th St,casual,756
Calumet Ave & 51st St,casual,765
Western Ave & 21st St,casual,767
South Shore Dr & 67th St,casual,786
Central St Metra,member,787
South Shore Dr & 71st St,member,788
Clark St & Columbia Ave,casual,790
Halsted St & 18th St,casual,791
MLK Jr Dr & Pershing Rd,casual,791
Elmwood Ave & Austin St,member,796
Prairie Ave & Garfield Blvd,casual,799
Woodlawn Ave & Lake Park Ave,casual,800
Halsted St & 18th St (Temp),casual,802
Bissell St & Armitage Ave*,member,807
Prairie Ave & Garfield Blvd,member,807
Eastlake Ter & Rogers Ave,casual,813
Christiana Ave & Lawrence Ave,casual,815
Monticello Ave & Irving Park Rd,casual,823
Evanston Civic Center,casual,826
Campbell Ave & Montrose Ave,casual,829
Damen Ave & Wabansia Ave,casual,830
Drake Ave & Montrose Ave,member,833
Winchester (Ravenswood) Ave & Balmoral Ave,casual,833
Ogden Ave & Congress Pkwy,casual,835
Hampden Ct & Diversey Ave,member,846
Calumet Ave & 33rd St,casual,853
Green St & Randolph St*,member,857
Evanston Civic Center,member,859
Green St & Randolph St*,casual,863
Loomis St & Archer Ave,member,865
Western Ave & Monroe St,casual,867
Clark St & Touhy Ave,member,869
Dorchester Ave & 49th St,member,869
Ogden Ave & Roosevelt Rd,member,869
Albany Ave & Montrose Ave,casual,875
Rockwell St & Eastwood Ave,casual,877
Avondale Ave & Irving Park Rd,member,879
South Shore Dr & 71st St,casual,879
Clark St & Jarvis Ave,member,885
Bernard St & Elston Ave,member,889
Woodlawn Ave & Lake Park Ave,member,896
Francisco Ave & Foster Ave,casual,899
Wentworth Ave & 33rd St,casual,908
Halsted St & Archer Ave,casual,913
Glenwood Ave & Touhy Ave,casual,917
Damen Ave & Wabansia Ave,member,918
Central Park Ave & North Ave,casual,923
Hoyne Ave & Balmoral Ave,casual,923
Halsted St & 35th St,casual,933
Halsted St & 21st St,member,941
Indiana Ave & 26th St,casual,950
Wentworth Ave & 24th St (Temp),member,957
Lake Park Ave & 35th St,member,958
Smith Park,casual,961
Artesian Ave & Hubbard St,casual,963
Normal Ave & Archer Ave,member,966
Kosciuszko Park,member,972
Morgan St & Lake St*,member,972
Wentworth Ave & 35th St,casual,974
W Armitage Ave & N Sheffield Ave,member,976
Avondale Ave & Irving Park Rd,casual,987
Cottage Grove Ave & Oakwood Blvd,casual,988
Christiana Ave & Lawrence Ave,member,993
Western Ave & Lunt Ave,member,994
Malcolm X College Vaccination Site,member,1004
Wentworth Ave & 24th St (Temp),casual,1004
Indiana Ave & 31st St,casual,1014
Paulina St & Howard St,casual,1020
Halsted St & 18th St (Temp),member,1028
Malcolm X College Vaccination Site,casual,1029
Lincoln Ave & Winona St,casual,1034
Wood St & Taylor St (Temp),casual,1034
Greenview Ave & Jarvis Ave,casual,1040
Greenwood Ave & 47th St,member,1042
May St & Cullerton St,casual,1047
Leavitt St & Lawrence Ave,casual,1061
Halsted St & North Branch St,casual,1069
Greenwood Ave & 47th St,casual,1071
Clark St & Lunt Ave,casual,1072
W Oakdale Ave & N Broadway,member,1076
Oakley Ave & Irving Park Rd,casual,1086
Avers Ave & Belmont Ave,member,1091
Canal St & Harrison St,casual,1092
Wentworth Ave & 35th St,member,1094
Western Ave & Fillmore St,casual,1094
Western Ave & 21st St,member,1108
State St & 35th St,casual,1115
Troy St & Elston Ave,casual,1120
Morgan Ave & 14th Pl,casual,1144
Sheridan Rd & Greenleaf Ave,casual,1160
Western Ave & Congress Pkwy,casual,1161
Clinton St & 18th St,casual,1162
Halsted St & Archer Ave,member,1171
Washtenaw Ave & Lawrence Ave,casual,1183
California Ave & Byron St,casual,1185
Wells St & 19th St,member,1187
Central Park Ave & Elbridge Ave,casual,1191
Halsted St & 18th St,member,1193
Clark St & Schreiber Ave,casual,1195
Spaulding Ave & Division St,casual,1202
Spaulding Ave & Division St,member,1204
Halsted St & 21st St,casual,1207
Western Ave & Roscoe St,casual,1207
Ravenswood Ave & Berteau Ave,casual,1209
Sheridan Rd & Greenleaf Ave,member,1218
63rd St Beach,casual,1233
Richmond St & Diversey Ave,member,1245
Avers Ave & Belmont Ave,casual,1247
W Oakdale Ave & N Broadway,casual,1253
McCormick Place,member,1259
Rhodes Ave & 32nd St,casual,1273
Halsted St & 35th St,member,1279
California Ave & Montrose Ave,casual,1280
Harper Ave & 59th St,casual,1287
Clark St & Elmdale Ave,casual,1289
Kosciuszko Park,casual,1290
California Ave & Byron St,member,1300
Richmond St & Diversey Ave,casual,1303
Kimball Ave & Belmont Ave,casual,1305
Troy St & Elston Ave,member,1305
Halsted St & Roosevelt Rd,casual,1307
Lake Park Ave & 47th St,member,1307
Central Park Ave & Elbridge Ave,member,1309
Leavitt St & Addison St,casual,1309
Glenwood Ave & Touhy Ave,member,1312
Damen Ave & Sunnyside Ave,casual,1314
Cherry Ave & Blackhawk St,member,1317
Morgan St & 31st St,casual,1317
Clinton St & Tilden St,casual,1318
Albany Ave & Montrose Ave,member,1324
Kimball Ave & Belmont Ave,member,1338
Shields Ave & 28th Pl,member,1338
Laflin St & Cullerton St,casual,1348
May St & Cullerton St,member,1349
Winchester (Ravenswood) Ave & Balmoral Ave,member,1350
Central Park Ave & Bloomingdale Ave,member,1389
Lake Park Ave & 47th St,casual,1389
Chicago Ave & Washington St,casual,1392
Talman Ave & Addison St,casual,1392
Damen Ave & Cullerton St,casual,1397
State St & Chicago Ave,casual,1399
Emerald Ave & 31st St,casual,1414
Paulina St & Montrose Ave,casual,1414
Troy St & North Ave,member,1415
Oakley Ave & Irving Park Rd,member,1423
Claremont Ave & Hirsch St,casual,1428
Racine Ave & 15th St,casual,1461
University Library (NU),casual,1465
State St & 33rd St,casual,1473
Laflin St & Cullerton St,member,1480
Damen Ave & Walnut (Lake) St,casual,1486
Francisco Ave & Foster Ave,member,1487
Sheridan Rd & Columbia Ave,casual,1491
Hoyne Ave & Balmoral Ave,member,1492
Wells St & 19th St,casual,1494
Claremont Ave & Hirsch St,member,1496
Paulina St & Howard St,member,1496
Calumet Ave & 35th St,member,1500
Southport Ave & Clark St,casual,1502
Manor Ave & Leland Ave,member,1523
Elston Ave & Wabansia Ave,casual,1537
Racine Ave & Congress Pkwy,casual,1556
Lincoln Ave & Winona St,member,1562
Wolcott Ave & Polk St,casual,1570
Ashland Ave & Belle Plaine Ave,casual,1579
Halsted St & North Branch St,member,1583
State St & 19th St,casual,1583
St. Louis Ave & Fullerton Ave,casual,1588
Throop St & Taylor St,casual,1589
Smith Park,member,1611
Western Ave & Monroe St,member,1621
State St & 19th St,member,1643
St. Louis Ave & Fullerton Ave,member,1659
Western Ave & Roscoe St,member,1681
Field Museum,member,1683
Wabash Ave & Cermak Rd,member,1686
Damen Ave & Cullerton St,member,1690
MLK Jr Dr & 29th St,casual,1700
Eastlake Ter & Rogers Ave,member,1711
Damen Ave & Madison St,casual,1721
Glenwood Ave & Morse Ave,casual,1721
California Ave & Fletcher St,member,1748
Wallace St & 35th St,member,1760
Leavitt St & Addison St,member,1763
Ellis Ave & 58th St,casual,1769
Damen Ave & Walnut (Lake) St,member,1771
Ashland Ave & Belle Plaine Ave,member,1776
Damen Ave & Foster Ave,casual,1782
Winchester Ave & Elston Ave,casual,1785
Indiana Ave & 26th St,member,1786
N Green St & W Lake St,casual,1790
Clark St & Columbia Ave,member,1795
Damen Ave & Madison St,member,1800
Lincoln Ave & Addison St,casual,1824
Ellis Ave & 53rd St,casual,1827
Troy St & North Ave,casual,1842
Campbell Ave & Fullerton Ave,casual,1848
California Ave & Fletcher St,casual,1853
Central Park Ave & Bloomingdale Ave,casual,1857
Spaulding Ave & Armitage Ave,member,1869
Clark St & Lunt Ave,member,1874
University Library (NU),member,1878
Lincoln Ave & Addison St,member,1879
Damen Ave & Melrose Ave,member,1897
Racine Ave & 15th St,member,1908
Damen Ave & Leland Ave,casual,1915
Wolcott (Ravenswood) Ave & Montrose Ave,casual,1919
Lincoln Ave & Sunnyside Ave,casual,1920
N Green St & W Lake St,member,1931
Paulina St & Flournoy St,casual,1942
Wood St & Hubbard St,casual,1945
Clark St & Ida B Wells Dr,casual,1949
Buckingham Fountain,member,1956
Leavitt St & Lawrence Ave,member,1959
Lincoln Ave & Waveland Ave,casual,1962
Damen Ave & Melrose Ave,casual,1973
Morgan St & Polk St,casual,1980
Campbell Ave & Fullerton Ave,member,1981
California Ave & Montrose Ave,member,1988
Leavitt St & Division St,casual,1993
Calumet Ave & 21st St,member,1995
Paulina St & 18th St,casual,1999
Talman Ave & Addison St,member,2013
Ravenswood Ave & Irving Park Rd,casual,2021
Elston Ave & Wabansia Ave,member,2024
Clark St & Schreiber Ave,member,2027
Southport Ave & Clark St,member,2034
California Ave & Division St,member,2079
Clinton St & 18th St,member,2080
Leavitt St & Belmont Ave,casual,2107
Emerald Ave & 28th St,member,2111
Museum of Science and Industry,member,2116
Damen Ave & Clybourn Ave,casual,2127
Lake Park Ave & 35th St,casual,2137
Wentworth Ave & 33rd St,member,2147
Blackstone Ave & Hyde Park Blvd,casual,2154
California Ave & Altgeld St,casual,2170
Lake Shore Dr & Ohio St,member,2170
Leavitt St & Chicago Ave,casual,2175
Loomis St & Jackson Blvd,casual,2179
Racine Ave & Washington Blvd,casual,2187
Canal St & Jackson Blvd,casual,2189
McClurg Ct & Ohio St,casual,2192
Ashland Ave & 13th St,member,2203
Halsted St & Polk St,casual,2204
Larrabee St & Menomonee St,casual,2212
Wabash Ave & Cermak Rd,casual,2215
Washtenaw Ave & Lawrence Ave,member,2219
Hermitage Ave & Polk St,member,2220
Elizabeth (May) St & Fulton St,casual,2250
Rockwell St & Eastwood Ave,member,2254
Winchester Ave & Elston Ave,member,2266
Chicago Ave & Sheridan Rd,member,2281
California Ave & Altgeld St,member,2297
Lincoln Ave & Belle Plaine Ave,casual,2300
Sheridan Rd & Loyola Ave,casual,2301
Greenview Ave & Jarvis Ave,member,2304
Orleans St & Elm St,casual,2305
Canal St & Harrison St,member,2317
Kedzie Ave & Palmer Ct,casual,2324
California Ave & Division St,casual,2329
Ashland Ave & Wellington Ave,casual,2330
California Ave & Francis Pl (Temp),member,2334
Chicago Ave & Washington St,member,2357
Ogden Ave & Congress Pkwy,member,2364
Clark St & Elmdale Ave,member,2373
Paulina St & Montrose Ave,member,2381
Morgan St & 18th St,casual,2390
Milwaukee Ave & Rockwell St,casual,2391
Campbell Ave & Montrose Ave,member,2397
Calumet Ave & 21st St,casual,2406
Racine Ave & Randolph St,casual,2408
Wood St & Augusta Blvd,casual,2412
Clybourn Ave & Division St,casual,2418
Stave St & Armitage Ave,casual,2445
Damen Ave & Sunnyside Ave,member,2446
Canal St & Taylor St,casual,2482
Cannon Dr & Fullerton Ave,member,2490
Clark St & Montrose Ave,casual,2497
Lake Park Ave & 56th St,casual,2499
Damen Ave & Wellington Ave,casual,2507
Lake Shore Dr & Belmont Ave,member,2516
Albany Ave & Bloomingdale Ave,casual,2523
Larrabee St & Oak St,casual,2525
May St & Taylor St,casual,2525
Morgan St & 31st St,member,2525
Damen Ave & Foster Ave,member,2530
Sheridan Rd & Columbia Ave,member,2542
Clinton St & Tilden St,member,2547
LaSalle St & Adams St,casual,2557
Benson Ave & Church St,casual,2566
Spaulding Ave & Armitage Ave,casual,2584
Lake Shore Dr & Monroe St,member,2594
California Ave & Francis Pl (Temp),casual,2605
Woodlawn Ave & 55th St,casual,2609
Paulina St & 18th St,member,2613
Artesian Ave & Hubbard St,member,2623
Leavitt St & Belmont Ave,member,2635
California Ave & North Ave,casual,2640
Sheridan Rd & Loyola Ave,member,2641
Lake Shore Dr & Diversey Pkwy,member,2654
Kedzie Ave & Palmer Ct,member,2660
Sheridan Rd & Lawrence Ave,casual,2669
Western Ave & Leland Ave,casual,2674
Damen Ave & Grand Ave,casual,2679
Leavitt St & Armitage Ave,casual,2701
Glenwood Ave & Morse Ave,member,2708
Western Ave & Congress Pkwy,member,2723
Financial Pl & Ida B Wells Dr,casual,2742
Damen Ave & Wellington Ave,member,2748
Chicago Ave & Sheridan Rd,casual,2753
Blue Island Ave & 18th St,casual,2757
Sedgwick St & Schiller St,casual,2765
Shields Ave & 31st St,member,2772
Milwaukee Ave & Rockwell St,member,2781
Sheridan Rd & Noyes St (NU),casual,2785
Broadway & Ridge Ave,casual,2791
Ashland Ave & Augusta Blvd,casual,2795
Lake Shore Dr & Wellington Ave,member,2812
State St & Chicago Ave,member,2814
Stave St & Armitage Ave,member,2818
Humboldt Blvd & Armitage Ave,member,2822
Michigan Ave & Ida B Wells Dr,member,2831
Clark St & 9th St (AMLI),casual,2832
Seeley Ave & Roscoe St,casual,2864
Blackstone Ave & Hyde Park Blvd,member,2869
Wacker Dr & Washington St,casual,2869
Canal St & Monroe St,casual,2870
Albany Ave & Bloomingdale Ave,member,2883
California Ave & Cortez St,casual,2883
Ravenswood Ave & Berteau Ave,member,2892
Loomis St & Lexington St,casual,2902
Clark St & Bryn Mawr Ave,casual,2904
Broadway & Thorndale Ave,casual,2917
Wood St & Chicago Ave,casual,2933
Lake Shore Dr & Wellington Ave,casual,2941
Ashland Ave & Lake St,member,2944
California Ave & North Ave,member,2947
McClurg Ct & Ohio St,member,2953
Western Ave & Division St,casual,2980
Leavitt St & Chicago Ave,member,2993
Ashland Ave & Lake St,casual,2995
Southport Ave & Irving Park Rd,casual,2997
Winthrop Ave & Lawrence Ave,casual,3005
Wood St & Hubbard St,member,3011
900 W Harrison St,casual,3018
Indiana Ave & 31st St,member,3025
Halsted St & Maxwell St,casual,3044
Leavitt St & Division St,member,3051
Broadway & Berwyn Ave,casual,3053
Jefferson St & Monroe St,casual,3074
Clarendon Ave & Leland Ave,casual,3077
Racine Ave & 18th St,casual,3091
Logan Blvd & Elston Ave,casual,3094
Damen Ave & Clybourn Ave,member,3114
Rhodes Ave & 32nd St,member,3127
Ada St & Washington Blvd,casual,3184
Ashland Ave & Grand Ave,casual,3184
Sheridan Rd & Noyes St (NU),member,3238
Broadway & Granville Ave,casual,3241
Western Ave & Division St,member,3245
Fairbanks St & Superior St,casual,3251
State St & 35th St,member,3257
Lake Shore Dr & Belmont Ave,casual,3258
Lake Park Ave & 53rd St,casual,3279
Ellis Ave & 55th St,casual,3299
California Ave & Cortez St,member,3310
Wabash Ave & 16th St,casual,3311
Morgan St & 18th St,member,3318
Ashland Ave & Grace St,casual,3319
Lincoln Ave & Waveland Ave,member,3319
Lake Shore Dr & Diversey Pkwy,casual,3337
Cornell Ave & Hyde Park Blvd,casual,3351
Campbell Ave & North Ave,member,3360
Museum of Science and Industry,casual,3383
Damen Ave & Charleston St,casual,3395
Larrabee St & North Ave,casual,3413
Sedgwick St & Schiller St,member,3418
LaSalle St & Washington St,casual,3438
Delano Ct & Roosevelt Rd,casual,3452
Desplaines St & Jackson Blvd,casual,3460
Damen Ave & Charleston St,member,3469
Racine Ave & Wrightwood Ave,casual,3472
Orleans St & Hubbard St,casual,3476
Racine Ave & Randolph St,member,3486
Leavitt St & Armitage Ave,member,3488
LaSalle St & Jackson Blvd,casual,3496
Orleans St & Elm St,member,3498
Blue Island Ave & 18th St,member,3507
Wolcott (Ravenswood) Ave & Montrose Ave,member,3517
Seeley Ave & Roscoe St,member,3521
Leavitt St & North Ave,casual,3522
Ashland Ave & Wrightwood Ave,casual,3530
Campbell Ave & North Ave,casual,3531
LaSalle St & Adams St,member,3548
Humboldt Blvd & Armitage Ave,casual,3555
Sheridan Rd & Buena Ave,casual,3562
Clinton St & Roosevelt Rd,casual,3564
Greenview Ave & Diversey Pkwy,casual,3592
Damen Ave & Grand Ave,member,3630
Noble St & Milwaukee Ave,casual,3638
Harper Ave & 59th St,member,3650
Benson Ave & Church St,member,3653
Racine Ave & Washington Blvd,member,3663
Lake Park Ave & 53rd St,member,3673
Broadway & Argyle St,casual,3677
Dearborn St & Van Buren St,casual,3685
Western Ave & Walton St,casual,3688
Elston Ave & Cortland St,casual,3698
Lake Shore Dr & Ohio St,casual,3724
Ashland Ave & Chicago Ave,casual,3734
McCormick Place,casual,3773
Damen Ave & Thomas St (Augusta Blvd),casual,3776
Canal St & Taylor St,member,3800
Dearborn St & Adams St,casual,3803
Ravenswood Ave & Irving Park Rd,member,3812
Michigan Ave & 18th St,casual,3822
Morgan Ave & 14th Pl,member,3838
Aberdeen St & Jackson Blvd,casual,3844
Lincoln Ave & Sunnyside Ave,member,3861
Wells St & Walton St,casual,3869
Leavitt St & North Ave,member,3871
Logan Blvd & Elston Ave,member,3883
Clark St & Leland Ave,casual,3888
Ogden Ave & Race Ave,casual,3889
State St & Van Buren St,casual,3902
Walsh Park,casual,3920
Clark St & Ida B Wells Dr,member,3944
Aberdeen St & Monroe St,casual,3946
Ashland Ave & Grand Ave,member,3969
Wentworth Ave & Cermak Rd,member,3974
Winthrop Ave & Lawrence Ave,member,4020
Calumet Ave & 18th St,casual,4042
Lincoln Ave & Belle Plaine Ave,member,4050
Wood St & Augusta Blvd,member,4056
Clark St & 9th St (AMLI),member,4071
Western Ave & Walton St,member,4079
Clinton St & Jackson Blvd,casual,4094
Franklin St & Adams St (Temp),casual,4117
Broadway & Wilson - Truman College Vaccination Site,casual,4144
Sangamon St & Washington Blvd,casual,4166
Marine Dr & Ainslie St,casual,4178
Aberdeen St & Randolph St,casual,4191
Damen Ave & Leland Ave,member,4212
Rush St & Hubbard St,casual,4225
Ashland Ave & Wrightwood Ave,member,4244
Delano Ct & Roosevelt Rd,member,4247
Michigan Ave & Jackson Blvd,member,4247
Greenview Ave & Diversey Pkwy,member,4270
Elizabeth (May) St & Fulton St,member,4273
Ashland Ave & Wellington Ave,member,4281
Clark St & Montrose Ave,member,4283
Sheridan Rd & Lawrence Ave,member,4310
State St & Harrison St,member,4314
Larrabee St & Menomonee St,member,4326
DuSable Lake Shore Dr & Ohio St,member,4328
Clarendon Ave & Leland Ave,member,4390
Halsted St & Roosevelt Rd,member,4407
Broadway & Thorndale Ave,member,4417
Sedgwick St & Huron St,casual,4431
Eckhart Park,casual,4482
Broadway & Granville Ave,member,4489
Fort Dearborn Dr & 31st St,member,4498
Clifton Ave & Armitage Ave,casual,4500
Lakefront Trail & Wilson Ave,casual,4504
Western Ave & Leland Ave,member,4506
Western Ave & Fillmore St,member,4515
Marine Dr & Ainslie St,member,4528
Paulina Ave & North Ave,casual,4532
Canal St & Madison St,casual,4550
Larrabee St & Armitage Ave,casual,4564
Lincoln Ave & Belmont Ave,casual,4575
Ashland Ave & Grace St,member,4580
Racine Ave & 18th St,member,4586
Racine Ave & Congress Pkwy,member,4590
Ellis Ave & 53rd St,member,4620
Lake Park Ave & 56th St,member,4631
Franklin St & Monroe St,casual,4632
Halsted St & Willow St,casual,4652
Clark St & Berwyn Ave,casual,4664
Lincoln Ave & Roscoe St,casual,4669
State St & Harrison St,casual,4671
Emerald Ave & 31st St,member,4733
Ellis Ave & 60th St,casual,4741
Southport Ave & Clybourn Ave,casual,4743
Lakefront Trail & Wilson Ave,member,4759
Orleans St & Chestnut St (NEXT Apts),casual,4763
Ravenswood Ave & Lawrence Ave,casual,4776
Calumet Ave & 33rd St,member,4784
Sheffield Ave & Willow St,casual,4798
Clinton St & Roosevelt Rd,member,4805
Larrabee St & North Ave,member,4805
Clybourn Ave & Division St,member,4822
Carpenter St & Huron St,casual,4831
Shedd Aquarium,member,4854
Broadway & Ridge Ave,member,4860
Western Ave & Winnebago Ave,casual,4890
Cannon Dr & Fullerton Ave,casual,4897
Wood St & Chicago Ave,member,4950
State St & Pearson St,casual,4964
University Ave & 57th St,casual,4965
Larrabee St & Kingsbury St,casual,4971
Clarendon Ave & Gordon Ter,casual,4975
Adler Planetarium,member,4999
Ashland Ave & Blackhawk St,casual,5007
Kimbark Ave & 53rd St,casual,5021
Loomis St & Jackson Blvd,member,5031
Dearborn St & Van Buren St,member,5037
Larrabee St & Division St,casual,5040
Clarendon Ave & Junior Ter,casual,5048
Clark St & Bryn Mawr Ave,member,5058
Wabash Ave & Adams St,casual,5087
Michigan Ave & Ida B Wells Dr,casual,5133
Franklin St & Chicago Ave,casual,5143
Sheffield Ave & Kingsbury St,casual,5160
Elston Ave & Cortland St,member,5174
Damen Ave & Thomas St (Augusta Blvd),member,5204
Lake Shore Dr & North Blvd,member,5221
Damen Ave & Division St,casual,5243
Financial Pl & Ida B Wells Dr,member,5271
Burnham Harbor,casual,5282
Racine Ave & Fullerton Ave,casual,5306
Southport Ave & Belmont Ave,casual,5331
Cornell Ave & Hyde Park Blvd,member,5337
Desplaines St & Randolph St,casual,5346
Ogden Ave & Chicago Ave,casual,5396
Clark St & Winnemac Ave,casual,5422
Paulina Ave & North Ave,member,5427
Damen Ave & Chicago Ave,casual,5453
Walsh Park,member,5555
Western Ave & Winnebago Ave,member,5561
Michigan Ave & Pearson St,member,5562
Peoria St & Jackson Blvd,casual,5565
Michigan Ave & 14th St,casual,5624
State St & Van Buren St,member,5630
Dusable Harbor,member,5632
Fort Dearborn Dr & 31st St,casual,5633
Wentworth Ave & Cermak Rd,casual,5640
Wells St & Polk St,casual,5672
Southport Ave & Irving Park Rd,member,5682
Clinton St & Washington Blvd,casual,5697
Burling St & Diversey Pkwy,casual,5703
Greenview Ave & Fullerton Ave,casual,5757
Calumet Ave & 18th St,member,5767
Dayton St & North Ave,casual,5789
Broadway & Berwyn Ave,member,5797
Racine Ave & Wrightwood Ave,member,5843
Southport Ave & Wellington Ave,casual,5854
Lincoln Park Conservatory,member,5859
Milwaukee Ave & Wabansia Ave,casual,5859
Jefferson St & Monroe St,member,5867
Clinton St & Lake St,casual,5873
Broadway & Argyle St,member,5903
Michigan Ave & Madison St,member,5903
Franklin St & Lake St,casual,5929
Ashland Ave & Chicago Ave,member,5936
Ashland Ave & Augusta Blvd,member,5942
Canal St & Adams St,casual,5960
Wabash Ave & Adams St,member,6010
Clark St & Leland Ave,member,6011
Halsted St & Maxwell St,member,6011
Kedzie Ave & Milwaukee Ave,member,6017
Wood St & Taylor St (Temp),member,6025
Southport Ave & Belmont Ave,member,6029
Ada St & Washington Blvd,member,6032
Woodlawn Ave & 55th St,member,6037
Clark St & Randolph St,casual,6044
Honore St & Division St,member,6058
MLK Jr Dr & 29th St,member,6060
Rush St & Hubbard St,member,6067
Throop St & Taylor St,member,6088
Sheridan Rd & Montrose Ave,casual,6134
DuSable Lake Shore Dr & Ohio St,casual,6147
Larrabee St & Oak St,member,6149
Shore Dr & 55th St,casual,6166
Wabash Ave & 16th St,member,6175
Dearborn St & Adams St,member,6179
Michigan Ave & 8th St,member,6185
Eckhart Park,member,6193
Honore St & Division St,casual,6200
Stetson Ave & South Water St,casual,6238
Wabash Ave & Wacker Pl,member,6246
Canal St & Jackson Blvd,member,6277
Clark St & Berwyn Ave,member,6281
Sheridan Rd & Buena Ave,member,6284
California Ave & Milwaukee Ave,member,6299
Broadway & Sheridan Rd,casual,6304
Michigan Ave & 18th St,member,6328
Sheridan Rd & Irving Park Rd,casual,6336
Ashland Ave & Blackhawk St,member,6367
Mies van der Rohe Way & Chicago Ave,casual,6368
Pine Grove Ave & Irving Park Rd,casual,6398
Kingsbury St & Erie St,casual,6399
Damen Ave & Cortland St,casual,6409
Wells St & Walton St,member,6415
Clark St & Chicago Ave,casual,6435
Noble St & Milwaukee Ave,member,6435
Broadway & Wilson - Truman College Vaccination Site,member,6501
Franklin St & Adams St (Temp),member,6504
Lincoln Ave & Diversey Pkwy,casual,6504
Damen Ave & Division St,member,6505
Southport Ave & Clybourn Ave,member,6548
Southport Ave & Wrightwood Ave,member,6577
Field Blvd & South Water St,casual,6579
Fairbanks St & Superior St,member,6609
Ritchie Ct & Banks St,casual,6611
Wacker Dr & Washington St,member,6612
Dearborn St & Monroe St,casual,6624
Michigan Ave & Madison St,casual,6626
Daley Center Plaza,casual,6650
LaSalle Dr & Huron St,casual,6654
Orleans St & Merchandise Mart Plaza,casual,6687
Southport Ave & Wrightwood Ave,casual,6695
Aberdeen St & Randolph St,member,6775
California Ave & Milwaukee Ave,casual,6821
Clark St & North Ave,member,6826
Franklin St & Illinois St,casual,6882
Clark St & Lake St,casual,6886
900 W Harrison St,member,6901
Sedgwick St & Webster Ave,casual,6936
Ogden Ave & Chicago Ave,member,6953
Cityfront Plaza Dr & Pioneer Ct,casual,6980
Field Museum,casual,6981
Larrabee St & Armitage Ave,member,7026
Lincoln Ave & Roscoe St,member,7033
Clark St & North Ave,casual,7135
Damen Ave & Cortland St,member,7202
Kedzie Ave & Milwaukee Ave,casual,7211
Field Blvd & South Water St,member,7217
Orleans St & Chestnut St (NEXT Apts),member,7223
State St & Pearson St,member,7225
LaSalle St & Washington St,member,7246
Sangamon St & Washington Blvd,member,7253
Michigan Ave & Pearson St,casual,7261
DuSable Lake Shore Dr & Monroe St,member,7262
Shore Dr & 55th St,member,7351
Ellis Ave & 58th St,member,7380
Dayton St & North Ave,member,7384
Carpenter St & Huron St,member,7385
Orleans St & Hubbard St,member,7427
Larrabee St & Division St,member,7438
Lakefront Trail & Bryn Mawr Ave,casual,7450
Burnham Harbor,member,7487
DuSable Lake Shore Dr & Wellington Ave,casual,7547
Racine Ave & Belmont Ave,casual,7573
Damen Ave & Chicago Ave,member,7596
Lincoln Ave & Belmont Ave,member,7597
Clarendon Ave & Junior Ter,member,7606
Broadway & Belmont Ave,casual,7641
Aberdeen St & Monroe St,member,7644
Ogden Ave & Race Ave,member,7652
Montrose Harbor,member,7679
DuSable Lake Shore Dr & Diversey Pkwy,casual,7710
Wood St & Milwaukee Ave,casual,7722
Wells St & Polk St,member,7751
Cityfront Plaza Dr & Pioneer Ct,member,7779
Halsted St & Clybourn Ave,casual,7783
Wabash Ave & 9th St,casual,7790
Desplaines St & Randolph St,member,7793
Sheffield Ave & Webster Ave,casual,7805
McClurg Ct & Erie St,casual,7825
Clifton Ave & Armitage Ave,member,7845
Racine Ave & Belmont Ave,member,7884
Greenview Ave & Fullerton Ave,member,7914
Franklin St & Jackson Blvd,casual,7954
Ritchie Ct & Banks St,member,7964
Canal St & Monroe St,member,7971
Clinton St & Madison St,casual,7971
Halsted St & Dickens Ave,casual,7988
Mies van der Rohe Way & Chestnut St,casual,8001
Southport Ave & Waveland Ave,casual,8017
Sedgwick St & North Ave,casual,8049
Sheffield Ave & Wellington Ave,casual,8072
Stetson Ave & South Water St,member,8077
Clark St & Wellington Ave,casual,8084
Michigan Ave & Jackson Blvd,casual,8164
Milwaukee Ave & Grand Ave,casual,8179
Southport Ave & Wellington Ave,member,8190
Sheffield Ave & Fullerton Ave,casual,8196
Milwaukee Ave & Wabansia Ave,member,8251
Clark St & Winnemac Ave,member,8260
Pine Grove Ave & Waveland Ave,casual,8292
Broadway & Waveland Ave,casual,8299
Clark St & Grace St,member,8316
DuSable Lake Shore Dr & Belmont Ave,casual,8350
Halsted St & Willow St,member,8370
Sheffield Ave & Wrightwood Ave,casual,8372
Rush St & Superior St,casual,8376
Aberdeen St & Jackson Blvd,member,8379
May St & Taylor St,member,8382
Federal St & Polk St,casual,8402
Bissell St & Armitage Ave,casual,8420
Stockton Dr & Wrightwood Ave,casual,8423
Clark St & Chicago Ave,member,8425
Paulina St & Flournoy St,member,8478
DuSable Lake Shore Dr & Diversey Pkwy,member,8495
Wilton Ave & Diversey Pkwy,casual,8514
Lakefront Trail & Bryn Mawr Ave,member,8609
DuSable Lake Shore Dr & Belmont Ave,member,8625
Desplaines St & Kinzie St,casual,8723
Michigan Ave & 14th St,member,8739
DuSable Lake Shore Dr & Wellington Ave,member,8791
Kimbark Ave & 53rd St,member,8820
Sheffield Ave & Willow St,member,8839
Broadway & Sheridan Rd,member,8888
Halsted St & Wrightwood Ave,casual,8937
Clarendon Ave & Gordon Ter,member,8964
Lincoln Park Conservatory,casual,9009
Clark St & Grace St,casual,9014
Wolcott Ave & Polk St,member,9014
Pine Grove Ave & Irving Park Rd,member,9019
Broadway & Cornelia Ave,casual,9022
Desplaines St & Jackson Blvd,member,9060
Sheffield Ave & Wrightwood Ave,member,9067
LaSalle Dr & Huron St,member,9115
Southport Ave & Roscoe St,casual,9197
Morgan St & Lake St,casual,9213
Halsted St & Polk St,member,9238
State St & Randolph St,casual,9271
Sedgwick St & Webster Ave,member,9300
Millennium Park,member,9319
Wabash Ave & Wacker Pl,casual,9341
State St & Kinzie St,casual,9374
Green St & Randolph St,casual,9375
Sheffield Ave & Kingsbury St,member,9375
Rush St & Cedar St,casual,9384
Columbus Dr & Randolph St,casual,9386
State St & 33rd St,member,9406
Wells St & Hubbard St,casual,9517
Wood St & Milwaukee Ave,member,9529
Sheridan Rd & Irving Park Rd,member,9544
Wabash Ave & 9th St,member,9549
Clark St & Schiller St,casual,9581
Stockton Dr & Wrightwood Ave,member,9588
Dearborn Pkwy & Delaware Pl,casual,9602
Wabash Ave & Roosevelt Rd,casual,9604
Burling St & Diversey Pkwy,member,9649
Ravenswood Ave & Lawrence Ave,member,9661
Sheffield Ave & Waveland Ave,member,9679
Sheridan Rd & Montrose Ave,member,9689
Morgan St & Polk St,member,9695
Franklin St & Monroe St,member,9715
Lake Shore Dr & Monroe St,casual,9724
LaSalle St & Jackson Blvd,member,9830
Lake Shore Dr & North Blvd,casual,9900
Clark St & Lake St,member,9903
Broadway & Belmont Ave,member,9978
Kingsbury St & Kinzie St,casual,9980
Sedgwick St & North Ave,member,10046
Adler Planetarium,casual,10049
Sedgwick St & Huron St,member,10067
Sheffield Ave & Webster Ave,member,10282
Sheffield Ave & Wellington Ave,member,10325
Clark St & Drummond Pl,casual,10377
Halsted St & Dickens Ave,member,10384
Green St & Randolph St,member,10425
Mies van der Rohe Way & Chestnut St,member,10445
Clark St & Newport St,member,10577
Lincoln Ave & Fullerton Ave,casual,10593
Franklin St & Chicago Ave,member,10612
Buckingham Fountain,casual,10618
Franklin St & Jackson Blvd,member,10721
Franklin St & Illinois St,member,10731
Canal St & Madison St,member,10845
Sheffield Ave & Waveland Ave,casual,10884
St. Clair St & Erie St,casual,10970
Mies van der Rohe Way & Chicago Ave,member,10971
State St & Randolph St,member,10977
Lincoln Ave & Diversey Pkwy,member,11024
Green St & Madison St,casual,11032
Bissell St & Armitage Ave,member,11082
Halsted St & Roscoe St,casual,11111
Franklin St & Lake St,member,11135
Clark St & Wrightwood Ave,casual,11283
Peoria St & Jackson Blvd,member,11355
Clark St & Wellington Ave,member,11368
Ashland Ave & Division St,casual,11432
Southport Ave & Waveland Ave,member,11451
Clark St & Randolph St,member,11453
Southport Ave & Roscoe St,member,11473
Rush St & Cedar St,member,11481
Federal St & Polk St,member,11488
Damen Ave & Pierce Ave,casual,11671
Racine Ave & Fullerton Ave,member,11678
State St & Kinzie St,member,11694
Fairbanks Ct & Grand Ave,casual,11794
Montrose Harbor,casual,11801
Michigan Ave & Lake St,member,11824
Wells St & Huron St,casual,11828
Wilton Ave & Diversey Pkwy,member,11873
Morgan St & Lake St,member,11880
Lakeview Ave & Fullerton Pkwy,casual,11892
Rush St & Superior St,member,11906
Damen Ave & Pierce Ave,member,11918
Dearborn St & Erie St,casual,12015
Milwaukee Ave & Grand Ave,member,12025
Pine Grove Ave & Waveland Ave,member,12041
Halsted St & Wrightwood Ave,member,12071
Dearborn St & Monroe St,member,12250
New St & Illinois St,member,12258
LaSalle St & Illinois St,casual,12474
Michigan Ave & Washington St,member,12494
Clinton St & Jackson Blvd,member,12592
Halsted St & Clybourn Ave,member,12625
Wells St & Evergreen Ave,casual,12675
McClurg Ct & Erie St,member,12696
Columbus Dr & Randolph St,member,12711
Lincoln Ave & Fullerton Ave,member,12779
Halsted St & Roscoe St,member,12797
Larrabee St & Webster Ave,casual,12805
Broadway & Cornelia Ave,member,12818
Broadway & Barry Ave,casual,12843
Ellis Ave & 55th St,member,12876
Clark St & Newport St,casual,12992
Michigan Ave & 8th St,casual,13008
DuSable Lake Shore Dr & North Blvd,member,13046
Daley Center Plaza,member,13062
Orleans St & Merchandise Mart Plaza,member,13160
Wilton Ave & Belmont Ave,casual,13218
Lakeview Ave & Fullerton Pkwy,member,13254
Michigan Ave & Washington St,casual,13358
Larrabee St & Kingsbury St,member,13387
Fairbanks Ct & Grand Ave,member,13433
Indiana Ave & Roosevelt Rd,member,13461
Clark St & Schiller St,member,13494
Michigan Ave & Lake St,casual,13508
Broadway & Waveland Ave,member,13522
Wells St & Evergreen Ave,member,13539
Clark St & Drummond Pl,member,13568
Clinton St & Lake St,member,13583
LaSalle St & Illinois St,member,13607
Wabash Ave & Roosevelt Rd,member,13731
Canal St & Adams St,member,14184
Dearborn Pkwy & Delaware Pl,member,14245
Kingsbury St & Erie St,member,14276
Larrabee St & Webster Ave,member,14330
New St & Illinois St,casual,14762
Dusable Harbor,casual,14779
Michigan Ave & Oak St,member,14782
Clark St & Wrightwood Ave,member,14789
Theater on the Lake,member,15057
Sheffield Ave & Fullerton Ave,member,15074
Wabash Ave & Grand Ave,casual,15269
Ashland Ave & Division St,member,15298
Indiana Ave & Roosevelt Rd,casual,15608
Loomis St & Lexington St,member,15882
Clark St & Elm St,casual,15998
Wilton Ave & Belmont Ave,member,16056
Clark St & Lincoln Ave,member,16074
Clark St & Armitage Ave,casual,16171
Wells St & Elm St,casual,16393
Wells St & Hubbard St,member,16479
Clark St & Lincoln Ave,casual,16699
Green St & Madison St,member,16812
Clark St & Armitage Ave,member,16873
Streeter Dr & Grand Ave,member,16873
Desplaines St & Kinzie St,member,16971
Wabash Ave & Grand Ave,member,17715
Broadway & Barry Ave,member,17925
Clinton St & Washington Blvd,member,18477
University Ave & 57th St,member,18591
St. Clair St & Erie St,member,18779
Clinton St & Madison St,member,19201
Wells St & Huron St,member,19210
Dearborn St & Erie St,member,19341
Ellis Ave & 60th St,member,19444
DuSable Lake Shore Dr & North Blvd,casual,19516
Wells St & Concord Ln,casual,19827
Theater on the Lake,casual,20890
Wells St & Elm St,member,21156
Shedd Aquarium,casual,22867
DuSable Lake Shore Dr & Monroe St,casual,24188
Wells St & Concord Ln,member,24248
Clark St & Elm St,member,24888
Kingsbury St & Kinzie St,member,26124
Michigan Ave & Oak St,casual,29224
Millennium Park,casual,31943
Streeter Dr & Grand Ave,casual,67386
,casual,355945
,member,467200
